iter,hamming_weight_k,n_bits_k,duration_ns,start_ns,end_ns
1,123,256,7378636,19047192531739,19047199910375
2,115,255,6983466,19047199938673,19047206922139
3,111,256,7267247,19047206927831,19047214195078
4,123,256,7613209,19047214200454,19047221813663
5,146,255,8069184,19047221818057,19047229887241
6,142,255,7904210,19047229892179,19047237796389
7,127,254,7544951,19047237799914,19047245344865
8,114,256,7433199,19047245348562,19047252781761
9,120,256,7422494,19047252785784,19047260208278
10,111,256,7406560,19047260212574,19047267619134
11,133,256,8191439,19047267624646,19047275816085
12,139,253,8070876,19047275833341,19047283904217
13,124,255,7761654,19047283909038,19047291670692
14,117,256,7817974,19047291674836,19047299492810
15,128,254,8005688,19047299496438,19047307502126
16,147,256,8454529,19047307506171,19047315960700
17,128,253,7969477,19047315964999,19047323934476
18,119,254,7789799,19047323938557,19047331728356
19,122,256,7919418,19047331732234,19047339651652
20,127,255,8019385,19047339655538,19047347674923
21,117,255,7525889,19047347678603,19047355204492
22,126,255,7782734,19047355208029,19047362990763
23,121,254,7673374,19047362994656,19047370668030
24,131,252,7957043,19047370671847,19047378628890
25,125,253,7966851,19047378633264,19047386600115
26,135,256,8003156,19047386603918,19047394607074
27,132,252,7839010,19047394610750,19047402449760
28,119,254,7609576,19047402453445,19047410063021
29,118,252,7889599,19047410066813,19047417956412
30,136,256,8409410,19047417960310,19047426369720
31,140,256,8337726,19047426374150,19047434711876
32,119,255,7758074,19047434715846,19047442473920
33,132,256,6990439,19047442488652,19047449479091
34,122,255,7094969,19047449483838,19047456578807
35,130,256,7476634,19047456583656,19047464060290
36,116,255,7236114,19047464064708,19047471300822
37,124,254,7424084,19047471304993,19047478729077
38,112,255,7305310,19047478732806,19047486038116
39,129,256,7533516,19047486042895,19047493576411
40,129,254,7570824,19047493581510,19047501152334
41,123,256,7517359,19047501156310,19047508673669
42,122,256,7501055,19047508677481,19047516178536
43,143,256,7910180,19047516182475,19047524092655
44,127,253,7597083,19047524097418,19047531694501
45,132,255,7769751,19047531699815,19047539469566
46,127,256,7710350,19047539473500,19047547183850
47,123,255,7613555,19047547187523,19047554801078
48,133,255,7900380,19047554805246,19047562705626
49,131,253,7821800,19047562709569,19047570531369
50,137,254,8036597,19047570535695,19047578572292
51,138,253,8018136,19047578576638,19047586594774
52,118,256,7749129,19047586599002,19047594348131
53,120,256,7648546,19047594356887,19047602005433
54,152,255,8479683,19047602009479,19047610489162
55,119,254,7482602,19047610492861,19047617975463
56,127,256,7769727,19047617979497,19047625749224
57,123,256,7588059,19047625753116,19047633341175
58,134,256,7873995,19047633345296,19047641219291
59,112,255,7474867,19047641223316,19047648698183
60,115,256,7523073,19047648701862,19047656224935
61,129,256,7650054,19047656229360,19047663879414
62,125,256,7698161,19047663883060,19047671581221
63,124,254,7495808,19047671585169,19047679080977
64,128,256,7731321,19047679085100,19047686816421
65,137,256,8050969,19047686821189,19047694872158
66,138,255,7982949,19047694876582,19047702859531
67,127,256,8040171,19047702863791,19047710903962
68,127,254,8125064,19047710908117,19047719033181
69,115,255,7900415,19047719037277,19047726937692
70,131,255,8224911,19047726941798,19047735166709
71,131,256,7984384,19047735171025,19047743155409
72,127,256,7942301,19047743159452,19047751101753
73,133,255,8047859,19047751105708,19047759153567
74,121,255,7746924,19047759157614,19047766904538
75,134,256,8004209,19047766908354,19047774912563
76,110,256,7688055,19047774917328,19047782605383
77,123,255,7687427,19047782615275,19047790302702
78,123,256,7850392,19047790307272,19047798157664
79,122,256,7715356,19047798162051,19047805877407
80,138,256,8054280,19047805881241,19047813935521
81,133,256,8030370,19047813939277,19047821969647
82,116,256,8296364,19047821974131,19047830270495
83,141,256,8478988,19047830283532,19047838762520
84,119,256,7910090,19047838770043,19047846680133
85,131,256,8196869,19047846684620,19047854881489
86,122,253,7814424,19047854885640,19047862700064
87,126,256,8185063,19047862705024,19047870890087
88,121,255,7826248,19047870894028,19047878720276
89,135,256,7988768,19047878724513,19047886713281
90,123,255,7969100,19047886717628,19047894686728
91,130,256,7815870,19047894690603,19047902506473
92,119,255,7675156,19047902510468,19047910185624
93,130,250,7741569,19047910191291,19047917932860
94,137,256,8054525,19047917937107,19047925991632
95,131,256,7941165,19047925995647,19047933936812
96,124,252,7745753,19047933940943,19047941686696
97,127,255,7600735,19047941691090,19047949291825
98,131,256,7993184,19047949295349,19047957288533
99,131,256,7794777,19047957292260,19047965087037
100,125,251,7523784,19047965090903,19047972614687
101,127,251,7763877,19047972638982,19047980402859
102,141,256,8367219,19047980407383,19047988774602
103,134,252,8099735,19047988778520,19047996878255
104,125,256,8227514,19047996882345,19048005109859
105,144,256,8385583,19048005114596,19048013500179
106,132,256,8230389,19048013504175,19048021734564
107,125,255,7928204,19048021739345,19048029667549
108,138,256,8186936,19048029672564,19048037859500
109,136,256,8091229,19048037863834,19048045955063
110,116,256,7746331,19048045959414,19048053705745
111,130,254,7893025,19048053709853,19048061602878
112,132,256,7894557,19048061606869,19048069501426
113,131,254,8032331,19048069505326,19048077537657
114,120,255,7659840,19048077541327,19048085201167
115,122,256,7737641,19048085205447,19048092943088
116,128,255,7762716,19048092946911,19048100709627
117,122,254,7617784,19048100713704,19048108331488
118,131,256,8152070,19048108335456,19048116487526
119,128,255,8178308,19048116491615,19048124669923
120,141,256,8404507,19048124674278,19048133078785
121,133,256,8230991,19048133083092,19048141314083
122,123,256,7826675,19048141318429,19048149145104
123,116,256,7783570,19048149148595,19048156932165
124,130,250,8101104,19048156936172,19048165037276
125,132,255,7839619,19048165041977,19048172881596
126,124,255,7640052,19048172885323,19048180525375
127,129,256,7835885,19048180529360,19048188365245
128,128,256,7934939,19048188374239,19048196309178
129,127,256,7596010,19048196312934,19048203908944
130,135,256,7972982,19048203912853,19048211885835
131,120,256,7525051,19048211889588,19048219414639
132,131,256,7831769,19048219418270,19048227250039
133,133,256,8169836,19048227254326,19048235424162
134,139,255,7911197,19048235428412,19048243339609
135,131,256,7837902,19048243343882,19048251181784
136,128,256,8125912,19048251185762,19048259311674
137,135,256,8258320,19048259315384,19048267573704
138,129,256,8219240,19048267577883,19048275797123
139,120,255,7913412,19048275801166,19048283714578
140,115,256,7566869,19048283719718,19048291286587
141,112,253,7686940,19048291290638,19048298977578
142,105,255,7625466,19048298981805,19048306607271
143,116,255,7853057,19048306611165,19048314464222
144,130,255,7798735,19048314468179,19048322266914
145,128,255,8049179,19048322270786,19048330319965
146,123,256,7848762,19048330324083,19048338172845
147,125,256,7769203,19048338176538,19048345945741
148,140,256,8033839,19048345949702,19048353983541
149,128,253,7810048,19048353987434,19048361797482
150,134,256,8003408,19048361801113,19048369804521
151,130,255,7957491,19048369808556,19048377766047
152,141,253,8381996,19048377771083,19048386153079
153,130,256,7892301,19048386157566,19048394049867
154,127,255,8097031,19048394053860,19048402150891
155,123,251,8024691,19048402154930,19048410179621
156,132,254,8167175,19048410188967,19048418356142
157,140,256,8449322,19048418360833,19048426810155
158,122,256,8182700,19048426815282,19048434997982
159,130,255,7967864,19048435007443,19048442975307
160,134,256,8085924,19048442979612,19048451065536
161,115,252,7635907,19048451069802,19048458705709
162,133,255,8208679,19048458711117,19048466919796
163,131,256,7943724,19048466972195,19048474915919
164,113,254,7678614,19048474921704,19048482600318
165,132,256,7925674,19048482610218,19048490535892
166,128,255,7815684,19048490541291,19048498356975
167,139,256,7910558,19048498361193,19048506271751
168,113,256,7517280,19048506275180,19048513792460
169,123,256,7783763,19048513796300,19048521580063
170,136,256,8063728,19048521583982,19048529647710
171,131,253,8129514,19048529652187,19048537781701
172,129,256,8231966,19048537786122,19048546018088
173,121,256,7976496,19048546023814,19048554000310
174,144,255,8455984,19048554006952,19048562462936
175,137,256,8380522,19048562466895,19048570847417
176,124,256,7907629,19048570851435,19048578759064
177,133,255,8082775,19048578762984,19048586845759
178,121,255,8027703,19048586849564,19048594877267
179,132,256,8336279,19048594882002,19048603218281
180,107,252,7418707,19048603221925,19048610640632
181,129,256,7798674,19048610644437,19048618443111
182,122,256,7863985,19048618446782,19048626310767
183,126,255,7904701,19048626314496,19048634219197
184,140,254,8193311,19048634223333,19048642416644
185,129,255,7830939,19048642420457,19048650251396
186,124,256,7747737,19048650254906,19048658002643
187,129,255,8005753,19048658006955,19048666012708
188,119,255,7557066,19048666016213,19048673573279
189,134,253,8373243,19048673577864,19048681951107
190,127,256,8224768,19048681955288,19048690180056
191,134,255,8294901,19048690184529,19048698479430
192,129,256,8166323,19048698483424,19048706649747
193,132,255,8346010,19048706653862,19048714999872
194,133,256,8279394,19048715005350,19048723284744
195,126,256,8069759,19048723288932,19048731358691
196,129,256,8143624,19048731362609,19048739506233
197,123,254,7935168,19048739509867,19048747445035
198,134,256,8104645,19048747448740,19048755553385
199,121,256,7682471,19048755557046,19048763239517
200,115,256,7784119,19048763243307,19048771027426
201,131,252,7892098,19048771052228,19048778944326
202,131,254,7888498,19048778949002,19048786837500
203,122,254,8054617,19048786841800,19048794896417
204,111,256,7843786,19048794906214,19048802750000
205,125,256,8160657,19048802755188,19048810915845
206,120,249,7917869,19048810920290,19048818838159
207,133,256,8164653,19048818842697,19048827007350
208,130,255,9454750,19048827011809,19048836466559
209,124,255,7686798,19048836485936,19048844172734
210,135,253,7835272,19048844185767,19048852021039
211,132,256,7803373,19048852026240,19048859829613
212,128,256,7871182,19048859834156,19048867705338
213,141,252,8187491,19048867709555,19048875897046
214,126,253,8112079,19048875902827,19048884014906
215,121,256,7919274,19048884029431,19048891948705
216,128,252,8000349,19048891953116,19048899953465
217,121,256,7826971,19048899957657,19048907784628
218,120,255,7914878,19048907788441,19048915703319
219,146,256,8553012,19048915707978,19048924260990
220,119,252,7731113,19048924265808,19048931996921
221,133,256,8245694,19048932005244,19048940250938
222,132,256,8219950,19048940254829,19048948474779
223,125,256,8173357,19048948479904,19048956653261
224,138,256,8676294,19048956657229,19048965333523
225,126,255,8244337,19048965337525,19048973581862
226,120,252,8007064,19048973585555,19048981592619
227,133,255,8289180,19048981598765,19048989887945
228,132,256,8314237,19048989892156,19048998206393
229,140,256,8600679,19048998210609,19049006811288
230,124,256,8264905,19049006815394,19049015080299
231,143,255,8680384,19049015085077,19049023765461
232,141,256,8651755,19049023771225,19049032422980
233,121,255,8165241,19049032427347,19049040592588
234,133,255,8271439,19049040596713,19049048868152
235,132,252,8090277,19049048872058,19049056962335
236,133,252,8333362,19049056966306,19049065299668
237,129,255,8222620,19049065303569,19049073526189
238,132,252,8071745,19049073529983,19049081601728
239,140,256,8437614,19049081606283,19049090043897
240,114,255,7944083,19049090047874,19049097991957
241,119,256,8075135,19049097995866,19049106071001
242,141,253,8433906,19049106074916,19049114508822
243,136,255,8440028,19049114513525,19049122953553
244,127,256,8311997,19049122958357,19049131270354
245,132,255,8314466,19049131274493,19049139588959
246,119,255,8144623,19049139593118,19049147737741
247,127,251,8227960,19049147741757,19049155969717
248,113,255,7902049,19049155973711,19049163875760
249,122,254,8199388,19049163879506,19049172078894
250,126,255,8151143,19049172082714,19049180233857
251,125,256,8361450,19049180241749,19049188603199
252,122,254,7952807,19049188612810,19049196565617
253,131,254,8123475,19049196570126,19049204693601
254,133,255,8151604,19049204697605,19049212849209
255,128,255,8095923,19049212854088,19049220950011
256,120,256,8091436,19049220953734,19049229045170
257,135,253,8296520,19049229050744,19049237347264
258,135,255,8431660,19049237351356,19049245783016
259,116,256,8251481,19049245787025,19049254038506
260,133,256,8433390,19049254042473,19049262475863
261,145,255,8803721,19049262479937,19049271283658
262,130,255,8302521,19049271287483,19049279590004
263,132,256,8361599,19049279594176,19049287955775
264,129,256,8166609,19049287959727,19049296126336
265,127,254,8022349,19049296129955,19049304152304
266,132,256,8216784,19049304156023,19049312372807
267,124,256,7889671,19049312376788,19049320266459
268,133,256,8424855,19049320270314,19049328695169
269,130,254,8141290,19049328701070,19049336842360
270,130,255,8032893,19049336846921,19049344879814
271,137,255,8221362,19049344884331,19049353105693
272,124,255,7889119,19049353109662,19049360998781
273,134,256,8164977,19049361004147,19049369169124
274,132,256,8234307,19049369174732,19049377409039
275,125,256,8516842,19049377414224,19049385931066
276,142,254,8459010,19049385935118,19049394394128
277,132,253,8376496,19049394398267,19049402774763
278,126,254,8388734,19049402779424,19049411168158
279,153,255,9009717,19049411172149,19049420181866
280,128,252,8035414,19049420186087,19049428221501
281,120,256,8226562,19049428226441,19049436453003
282,127,253,8256205,19049436456942,19049444713147
283,130,256,8187620,19049444717168,19049452904788
284,133,253,8314608,19049452908602,19049461223210
285,129,256,8079948,19049461227359,19049469307307
286,118,256,7970549,19049469311186,19049477281735
287,113,256,7990356,19049477286778,19049485277134
288,121,254,7998722,19049485281541,19049493280263
289,130,253,8352398,19049493285021,19049501637419
290,124,256,8010965,19049501642041,19049509653006
291,130,256,8446846,19049509657045,19049518103891
292,127,255,8498867,19049518108250,19049526607117
293,128,255,8558105,19049526611696,19049535169801
294,138,255,8498956,19049535173866,19049543672822
295,137,256,8706945,19049543677058,19049552384003
296,127,256,8378598,19049552388399,19049560766997
297,149,254,8547380,19049560771010,19049569318390
298,120,254,8076459,19049569322050,19049577398509
299,106,253,7856316,19049577403658,19049585259974
300,133,256,8413258,19049585263755,19049593677013
301,130,256,8355919,19049593699072,19049602054991
302,116,255,8118684,19049602059177,19049610177861
303,119,255,8402454,19049610182002,19049618584456
304,130,256,8422724,19049618589334,19049627012058
305,128,256,8221105,19049627016134,19049635237239
306,120,256,8067348,19049635241095,19049643308443
307,120,256,7961289,19049643312227,19049651273516
308,120,255,7964302,19049651277057,19049659241359
309,140,255,8633587,19049659245161,19049667878748
310,138,247,8390217,19049667882737,19049676272954
311,145,256,8900178,19049676277637,19049685177815
312,143,256,8814590,19049685181504,19049693996094
313,131,252,8564062,19049693999982,19049702564044
314,133,256,8549449,19049702568265,19049711117714
315,137,255,8502843,19049711121594,19049719624437
316,128,256,8328316,19049719628606,19049727956922
317,129,256,8446652,19049727960870,19049736407522
318,135,254,8364955,19049736411219,19049744776174
319,120,255,7963269,19049744780042,19049752743311
320,135,255,8468447,19049752746951,19049761215398
321,131,255,8421216,19049761219042,19049769640258
322,130,255,8161722,19049769644027,19049777805749
323,124,251,7874247,19049777847364,19049785721611
324,130,255,8218176,19049785726187,19049793944363
325,128,253,7574355,19049793948967,19049801523322
326,118,254,7773604,19049801534874,19049809308478
327,137,256,8328121,19049809314474,19049817642595
328,120,256,8179332,19049817649654,19049825828986
329,130,256,8582448,19049825833829,19049834416277
330,108,256,8211686,19049834423981,19049842635667
331,124,255,8252103,19049842643143,19049850895246
332,133,256,8478845,19049850900185,19049859379030
333,127,252,8470313,19049859388997,19049867859310
334,126,255,8089792,19049867864089,19049875953881
335,118,256,8122285,19049875958437,19049884080722
336,137,254,8234276,19049884084762,19049892319038
337,131,256,8231941,19049892322932,19049900554873
338,124,256,8004132,19049900558871,19049908563003
339,127,254,8074605,19049908567514,19049916642119
340,140,256,8287533,19049916646797,19049924934330
341,124,253,7935151,19049924938207,19049932873358
342,125,256,8381190,19049932877185,19049941258375
343,120,254,8165502,19049941262425,19049949427927
344,125,256,8249065,19049949431896,19049957680961
345,143,255,8694714,19049957685615,19049966380329
346,135,256,8797405,19049966384915,19049975182320
347,127,256,8305246,19049975186622,19049983491868
348,128,254,8307103,19049983495992,19049991803095
349,129,255,8299567,19049991807246,19050000106813
350,131,256,8303656,19050000110647,19050008414303
351,132,255,8126599,19050008418884,19050016545483
352,127,256,8149544,19050016549502,19050024699046
353,125,254,8012590,19050024702848,19050032715438
354,122,255,7937656,19050032720130,19050040657786
355,145,256,8391585,19050040662038,19050049053623
356,118,254,7826013,19050049057584,19050056883597
357,131,256,8212352,19050056888161,19050065100513
358,132,256,8176335,19050065104749,19050073281084
359,139,255,8493086,19050073285264,19050081778350
360,122,256,8332770,19050081782219,19050090114989
361,122,255,8452120,19050090119400,19050098571520
362,124,256,8311810,19050098575617,19050106887427
363,126,255,8579238,19050106891904,19050115471142
364,127,255,8386335,19050115475106,19050123861441
365,136,251,8336489,19050123865407,19050132201896
366,140,256,8536595,19050132206377,19050140742972
367,129,254,8203164,19050140746993,19050148950157
368,140,256,8340168,19050148954150,19050157294318
369,116,253,7686972,19050157297957,19050164984929
370,126,255,8079522,19050164988653,19050173068175
371,148,256,8613141,19050173072107,19050181685248
372,124,256,8019932,19050181688965,19050189708897
373,132,256,8323253,19050189712847,19050198036100
374,116,256,7821080,19050198040103,19050205861183
375,138,254,8262997,19050205865198,19050214128195
376,126,253,8395426,19050214132474,19050222527900
377,131,255,8321731,19050222533246,19050230854977
378,131,256,8571509,19050230859245,19050239430754
379,131,252,8492972,19050239435200,19050247928172
380,124,254,8346538,19050247932470,19050256279008
381,120,256,8327164,19050256283527,19050264610691
382,132,256,8551681,19050264615141,19050273166822
383,126,249,8090714,19050273171186,19050281261900
384,133,253,8474759,19050281266042,19050289740801
385,140,256,8705304,19050289744836,19050298450140
386,120,255,8607668,19050298455679,19050307063347
387,127,256,8420802,19050307078316,19050315499118
388,116,256,8085586,19050315507266,19050323592852
389,128,255,8604611,19050323603467,19050332208078
390,128,256,8185896,19050332215363,19050340401259
391,114,253,7433642,19050340415928,19050347849570
392,133,255,8451114,19050347854895,19050356306009
393,143,256,8883237,19050356313870,19050365197107
394,131,254,8564395,19050365204557,19050373768952
395,129,256,8634711,19050373774955,19050382409666
396,114,256,8345799,19050382415015,19050390760814
397,129,255,8507160,19050390765638,19050399272798
398,122,256,8441926,19050399277147,19050407719073
399,136,256,8803894,19050407724122,19050416528016
400,121,254,8138135,19050416532131,19050424670266
401,134,256,8650782,19050424692682,19050433343464
402,130,256,8545035,19050433347932,19050441892967
403,133,256,8499700,19050441897382,19050450397082
404,142,255,8614840,19050450401410,19050459016250
405,136,256,8700791,19050459020505,19050467721296
406,128,256,8484694,19050467725846,19050476210540
407,125,256,8330139,19050476214875,19050484545014
408,134,255,8422816,19050484548898,19050492971714
409,132,255,8418787,19050492975470,19050501394257
410,140,255,8781967,19050501398187,19050510180154
411,130,256,8696618,19050510184529,19050518881147
412,140,255,9064528,19050518885736,19050527950264
413,125,256,6948434,19050527964372,19050534912806
414,137,256,7942186,19050534919257,19050542861443
415,137,256,7891058,19050542868724,19050550759782
416,127,253,7875232,19050550766134,19050558641366
417,144,256,8106614,19050558645728,19050566752342
418,133,256,7998636,19050566757388,19050574756024
419,130,255,7690166,19050574760294,19050582450460
420,139,256,7916590,19050582455017,19050590371607
421,123,255,7776940,19050590376570,19050598153510
422,144,256,7937778,19050598158106,19050606095884
423,134,256,7860197,19050606101249,19050613961446
424,136,256,7922498,19050613965694,19050621888192
425,124,255,7826393,19050621893210,19050629719603
426,134,255,7807874,19050629725542,19050637533416
427,128,256,7859769,19050637537459,19050645397228
428,127,256,7818917,19050645402937,19050653221854
429,134,254,7974069,19050653226606,19050661200675
430,135,256,8340847,19050661206691,19050669547538
431,125,254,7990006,19050669552997,19050677543003
432,127,256,8109314,19050677547731,19050685657045
433,140,255,8258407,19050685663080,19050693921487
434,122,255,7780145,19050693925965,19050701706110
435,124,254,7712311,19050701710499,19050709422810
436,129,256,7912763,19050709426907,19050717339670
437,147,256,8180989,19050717343866,19050725524855
438,130,256,8091442,19050725530333,19050733621775
439,134,253,7953915,19050733626363,19050741580278
440,129,256,7815921,19050741584211,19050749400132
441,134,256,8120475,19050749404334,19050757524809
442,122,256,7719851,19050757528480,19050765248331
443,117,256,7467730,19050765252834,19050772720564
444,123,256,7877733,19050772724399,19050780602132
445,134,256,8161529,19050780605777,19050788767306
446,125,256,8009338,19050788771383,19050796780721
447,120,252,7852034,19050796784761,19050804636795
448,121,256,7950376,19050804641619,19050812591995
449,131,255,8253230,19050812596492,19050820849722
450,132,254,8736160,19050820860686,19050829596846
451,128,256,8277821,19050829608842,19050837886663
452,140,254,8476360,19050837891299,19050846367659
453,128,256,8218001,19050846375245,19050854593246
454,127,255,8281944,19050854598186,19050862880130
455,125,256,7947430,19050862884180,19050870831610
456,124,255,7734848,19050870835712,19050878570560
457,126,256,7863334,19050878574230,19050886437564
458,117,256,7778053,19050886442181,19050894220234
459,131,255,8038656,19050894224195,19050902262851
460,135,255,8162540,19050902266738,19050910429278
461,116,252,7658166,19050910433394,19050918091560
462,136,255,8040912,19050918096058,19050926136970
463,135,253,7956393,19050926141003,19050934097396
464,122,256,8038047,19050934101273,19050942139320
465,128,256,8161605,19050942143306,19050950304911
466,132,254,8242925,19050950309462,19050958552387
467,105,256,7683228,19050958556347,19050966239575
468,116,255,7650913,19050966243805,19050973894718
469,136,256,8359516,19050973898285,19050982257801
470,127,254,8048831,19050982262606,19050990311437
471,127,256,7866471,19050990316239,19050998182710
472,131,255,7897301,19050998186516,19051006083817
473,132,256,6988755,19051006107502,19051013096257
474,134,256,7840404,19051013101751,19051020942155
475,113,256,7460785,19051020948927,19051028409712
476,133,256,8076856,19051028417721,19051036494577
477,144,256,8537855,19051036507884,19051045045739
478,124,256,7918536,19051045051075,19051052969611
479,128,256,8088307,19051052974859,19051061063166
480,125,255,7910232,19051061067456,19051068977688
481,124,253,8096930,19051068983060,19051077079990
482,133,255,8341802,19051077089408,19051085431210
483,133,256,8660769,19051085468992,19051094129761
484,124,255,8202472,19051094137638,19051102340110
485,124,256,8254540,19051102347657,19051110602197
486,127,256,8176452,19051110608095,19051118784547
487,128,254,8149256,19051118788927,19051126938183
488,120,256,8001332,19051126943138,19051134944470
489,124,256,7960028,19051134952122,19051142912150
490,126,256,7997989,19051142916821,19051150914810
491,119,256,7899053,19051150920056,19051158819109
492,127,255,8235604,19051158823735,19051167059339
493,117,256,7866419,19051167067714,19051174934133
494,128,254,8008560,19051174939341,19051182947901
495,135,254,8161428,19051182952075,19051191113503
496,138,256,8247163,19051191117618,19051199364781
497,124,255,7894639,19051199368794,19051207263433
498,109,254,8874680,19051207267963,19051216142643
499,126,256,8238750,19051216158791,19051224397541
500,125,256,8499492,19051224403590,19051232903082
