byte_value,iter,hamming_weight_k,n_bits_k,duration_ns
0,1,125,246,7449049
0,2,127,247,7478442
0,3,127,246,7545514
0,4,120,248,7404869
0,5,109,246,7421087
0,6,114,248,7486517
0,7,126,248,7576169
0,8,122,248,7505340
0,9,117,246,7249371
0,10,130,248,7568809
0,11,136,247,7316312
0,12,116,248,6503080
0,13,131,247,6908179
0,14,121,247,7013057
0,15,129,248,7378449
0,16,109,248,7213435
0,17,123,248,7323317
0,18,114,247,7269464
0,19,133,247,7570894
0,20,113,244,6992523
0,21,130,244,7469672
0,22,129,247,7537729
0,23,131,248,7461947
0,24,139,248,7642594
0,25,122,247,7269167
0,26,130,244,7258748
0,27,122,247,7260523
0,28,125,248,7314147
0,29,122,247,7445379
0,30,120,244,7160605
0,31,119,247,7110195
0,32,139,243,7637578
0,33,129,248,7674229
0,34,124,248,7516946
0,35,136,247,7832224
0,36,125,248,7439535
0,37,133,247,7528291
0,38,129,248,7711220
0,39,130,247,7498040
0,40,134,247,7740235
0,41,123,248,7355503
0,42,126,245,7532810
0,43,126,248,7410960
0,44,143,248,7816420
0,45,122,248,7376120
0,46,127,247,7384675
0,47,119,248,7318487
0,48,131,248,7384724
0,49,124,246,7366022
0,50,124,248,7331981
1,1,135,249,7807866
1,2,117,249,7380533
1,3,123,249,7621370
1,4,128,249,7671947
1,5,125,249,7632655
1,6,123,249,7346107
1,7,123,249,8016263
1,8,122,249,7455318
1,9,113,249,7233505
1,10,116,249,7676952
1,11,118,249,7438324
1,12,138,249,7592973
1,13,114,249,7353172
1,14,129,249,7722218
1,15,139,249,7674802
1,16,105,249,7140563
1,17,129,249,7700894
1,18,131,249,7581315
1,19,121,249,7519882
1,20,129,249,7678670
1,21,130,249,7680461
1,22,116,249,7575224
1,23,123,249,7720355
1,24,137,249,8042536
1,25,132,249,7740422
1,26,139,249,7705796
1,27,128,249,7537334
1,28,129,249,7671851
1,29,125,249,7843269
1,30,116,249,7390159
1,31,126,249,7491760
1,32,127,249,7564100
1,33,136,249,7871235
1,34,119,249,7373012
1,35,128,249,7801906
1,36,114,249,7310701
1,37,120,249,7327621
1,38,140,249,8214729
1,39,126,249,7767757
1,40,124,249,7709142
1,41,125,249,7942593
1,42,126,249,7590047
1,43,118,249,7491642
1,44,132,249,7900169
1,45,135,249,7813958
1,46,125,249,7816685
1,47,134,249,7905726
1,48,116,249,7571013
1,49,138,249,7827108
1,50,116,249,7280792
2,1,129,250,7665007
2,2,126,250,7799617
2,3,126,250,7835209
2,4,127,250,7800658
2,5,121,250,7524655
2,6,113,250,7547373
2,7,105,250,7423032
2,8,117,250,7657525
2,9,125,250,7824446
2,10,119,250,7587278
2,11,138,250,7826357
2,12,132,250,7795264
2,13,141,250,8357591
2,14,134,250,7822324
2,15,116,250,7383404
2,16,124,250,7474342
2,17,128,250,7663457
2,18,124,250,7527479
2,19,113,250,7298034
2,20,116,250,7408564
2,21,121,250,7426438
2,22,125,250,7640591
2,23,135,250,7734328
2,24,124,250,7646246
2,25,105,250,7249727
2,26,138,250,7880811
2,27,114,250,7555602
2,28,123,250,7962887
2,29,141,250,7939724
2,30,103,250,7315142
2,31,116,250,7411070
2,32,123,250,7626606
2,33,128,250,7750540
2,34,144,250,8102150
2,35,113,250,7274134
2,36,110,250,7077655
2,37,124,250,7483732
2,38,96,250,6968832
2,39,119,250,7438411
2,40,130,250,7551190
2,41,120,250,7355103
2,42,116,250,7473787
2,43,125,250,7642467
2,44,120,250,7337365
2,45,137,250,7655503
2,46,116,250,7674568
2,47,120,250,7289990
2,48,131,250,7880947
2,49,123,250,7670349
2,50,116,250,7503668
3,1,113,250,7512988
3,2,103,250,7358356
3,3,118,250,7457593
3,4,119,250,7672331
3,5,121,250,7537170
3,6,122,250,7620372
3,7,127,250,7479418
3,8,128,250,8192005
3,9,139,250,7721303
3,10,126,250,7785274
3,11,125,250,7701289
3,12,125,250,7748142
3,13,134,250,8042821
3,14,121,250,7820176
3,15,118,250,7537874
3,16,113,250,7370922
3,17,120,250,7596338
3,18,123,250,7631046
3,19,126,250,7805214
3,20,118,250,7381347
3,21,112,250,7515655
3,22,126,250,7739552
3,23,139,250,7850342
3,24,122,250,7589227
3,25,119,250,7539127
3,26,129,250,7626385
3,27,131,250,7909666
3,28,130,250,7934860
3,29,123,250,7584845
3,30,113,250,7626815
3,31,136,250,8119366
3,32,123,250,7835019
3,33,113,250,7653877
3,34,136,250,7960788
3,35,128,250,7714122
3,36,140,250,8180015
3,37,131,250,7858354
3,38,126,250,7677347
3,39,126,250,7584527
3,40,119,250,7497965
3,41,120,250,7294093
3,42,122,250,6795125
3,43,116,250,7347123
3,44,137,250,7657012
3,45,129,250,7661661
3,46,132,250,7641722
3,47,120,250,7613954
3,48,129,250,7691915
3,49,111,250,7430316
3,50,128,250,8009498
4,1,131,251,8011854
4,2,129,251,7986145
4,3,123,251,7952144
4,4,123,251,7766169
4,5,110,251,7587771
4,6,116,251,7659204
4,7,120,251,7615164
4,8,127,251,7906755
4,9,122,251,7895110
4,10,120,251,7859327
4,11,120,251,7841355
4,12,129,251,8135519
4,13,130,251,8109043
4,14,132,251,8036286
4,15,117,251,7838176
4,16,118,251,7813282
4,17,124,251,8039101
4,18,123,251,7978771
4,19,126,251,8128361
4,20,132,251,8316852
4,21,128,251,8100485
4,22,133,251,8187112
4,23,129,251,8108878
4,24,117,251,7881480
4,25,111,251,7629878
4,26,120,251,7819575
4,27,117,251,7913720
4,28,128,251,8137188
4,29,127,251,8010269
4,30,143,251,8333122
4,31,125,251,8078814
4,32,125,251,8220576
4,33,120,251,8186556
4,34,120,251,7956943
4,35,119,251,8005954
4,36,126,251,8302020
4,37,127,251,8231372
4,38,133,251,8172723
4,39,119,251,7958080
4,40,115,251,7777940
4,41,131,251,8276098
4,42,130,251,8224335
4,43,122,251,8002943
4,44,120,251,7812157
4,45,136,251,8242656
4,46,134,251,8306582
4,47,117,251,7926707
4,48,123,251,8464596
4,49,130,251,7022265
4,50,128,251,6973247
5,1,135,251,7495970
5,2,128,251,7517708
5,3,119,251,7518481
5,4,126,251,7538462
5,5,133,251,7860274
5,6,127,251,7771217
5,7,116,251,7513239
5,8,135,251,7712136
5,9,125,251,7387930
5,10,144,251,7885525
5,11,115,251,7327253
5,12,119,251,7310402
5,13,123,251,7442440
5,14,115,251,7368758
5,15,125,251,7437629
5,16,118,251,7340496
5,17,130,251,7544089
5,18,135,251,7891059
5,19,132,251,8020409
5,20,123,251,7695912
5,21,111,251,7590843
5,22,123,251,7652891
5,23,124,251,7874725
5,24,134,251,7852790
5,25,126,251,7737158
5,26,133,251,7830052
5,27,120,251,7811649
5,28,139,251,7967077
5,29,111,251,7474309
5,30,129,251,7735278
5,31,129,251,7604307
5,32,130,251,7789693
5,33,127,251,7896026
5,34,118,251,7289276
5,35,120,251,7563559
5,36,116,251,7308876
5,37,133,251,8031053
5,38,126,251,7886562
5,39,145,251,8403376
5,40,125,251,7986575
5,41,126,251,7816927
5,42,134,251,7886289
5,43,119,251,7608634
5,44,126,251,7764059
5,45,112,251,7622585
5,46,133,251,7962218
5,47,122,251,7673373
5,48,138,251,7644140
5,49,127,251,7762637
5,50,129,251,7612979
6,1,134,251,7627176
6,2,130,251,7773046
6,3,130,251,7693092
6,4,115,251,7233264
6,5,121,251,7775796
6,6,129,251,7893513
6,7,118,251,7805453
6,8,135,251,8183939
6,9,124,251,7325493
6,10,112,251,6805676
6,11,132,251,7822350
6,12,132,251,7814816
6,13,115,251,7473429
6,14,115,251,7490460
6,15,132,251,7813526
6,16,118,251,7527283
6,17,131,251,7803769
6,18,137,251,7889561
6,19,124,251,7653649
6,20,140,251,8078887
6,21,123,251,7697788
6,22,128,251,7767633
6,23,125,251,7929742
6,24,115,251,7887503
6,25,130,251,12321733
6,26,121,251,8300569
6,27,133,251,7238999
6,28,138,251,7785782
6,29,127,251,7629381
6,30,115,251,7472596
6,31,132,251,7848554
6,32,121,251,7550509
6,33,130,251,7929694
6,34,107,251,7324912
6,35,115,251,7387610
6,36,129,251,7703629
6,37,123,251,7563462
6,38,119,251,7572604
6,39,131,251,7918850
6,40,112,251,7546230
6,41,132,251,8194741
6,42,129,251,8026891
6,43,128,251,8042487
6,44,144,251,8446396
6,45,133,251,8193471
6,46,115,251,7802666
6,47,124,251,8038801
6,48,125,251,7917908
6,49,116,251,7694733
6,50,133,251,8158818
7,1,138,251,7943916
7,2,123,251,7816177
7,3,124,251,7930123
7,4,133,251,8089286
7,5,115,251,7531461
7,6,126,251,8002662
7,7,135,251,7896108
7,8,123,251,7990857
7,9,126,251,7967160
7,10,121,251,8028453
7,11,143,251,8446344
7,12,127,251,8214704
7,13,121,251,7969731
7,14,126,251,7938406
7,15,116,251,7906809
7,16,128,251,8100389
7,17,124,251,7802764
7,18,136,251,8327582
7,19,129,251,8280290
7,20,131,251,8023325
7,21,127,251,7829906
7,22,105,251,7495122
7,23,103,251,7456613
7,24,129,251,7829803
7,25,128,251,8009124
7,26,124,251,8056198
7,27,135,251,8368517
7,28,133,251,8263189
7,29,118,251,7942983
7,30,122,251,8103999
7,31,119,251,7923417
7,32,135,251,8375637
7,33,130,251,8193695
7,34,125,251,8132758
7,35,138,251,8311885
7,36,139,251,8148734
7,37,134,251,7892277
7,38,116,251,7737954
7,39,127,251,8010647
7,40,132,251,8037069
7,41,123,251,7771739
7,42,134,251,8038511
7,43,133,251,8177285
7,44,134,251,8199958
7,45,130,251,8078041
7,46,122,251,8113542
7,47,129,251,8161406
7,48,120,251,7892093
7,49,131,251,8260410
7,50,125,251,8103223
8,1,109,252,7843380
8,2,128,252,8158296
8,3,114,252,7965778
8,4,127,252,7975200
8,5,123,252,8145198
8,6,131,252,8008223
8,7,116,252,7706678
8,8,127,252,7904268
8,9,133,252,8048619
8,10,112,252,7694916
8,11,114,252,7776183
8,12,136,252,8448247
8,13,136,252,8336961
8,14,117,252,8123814
8,15,135,252,8355929
8,16,124,252,8111800
8,17,129,252,8117090
8,18,112,252,7792939
8,19,135,252,8316543
8,20,128,252,7974241
8,21,125,252,8007815
8,22,116,252,7849157
8,23,117,252,7745806
8,24,130,252,7747113
8,25,113,252,7491797
8,26,130,252,8080378
8,27,136,252,8064647
8,28,130,252,7865115
8,29,136,252,8269888
8,30,130,252,8245380
8,31,109,252,7929375
8,32,107,252,7719685
8,33,119,252,8006840
8,34,124,252,8113246
8,35,120,252,8083397
8,36,116,252,7876793
8,37,127,252,8012532
8,38,118,252,7783059
8,39,113,252,7555910
8,40,111,252,7558430
8,41,134,252,8039443
8,42,144,252,8077658
8,43,122,252,7649680
8,44,130,252,8620555
8,45,123,252,7834855
8,46,136,252,8096248
8,47,121,252,7913006
8,48,127,252,8045526
8,49,129,252,8108837
8,50,130,252,8330676
9,1,131,252,8271907
9,2,138,252,8211773
9,3,132,252,8103671
9,4,130,252,8014272
9,5,134,252,8016757
9,6,134,252,7996474
9,7,126,252,7994593
9,8,136,252,7969696
9,9,128,252,7778628
9,10,137,252,8142204
9,11,128,252,7848620
9,12,146,252,8323338
9,13,139,252,8013892
9,14,114,252,7758622
9,15,120,252,7850722
9,16,115,252,7848389
9,17,127,252,8192767
9,18,125,252,8304939
9,19,115,252,7922652
9,20,122,252,7955200
9,21,123,252,7752064
9,22,128,252,7894945
9,23,123,252,7687772
9,24,126,252,7736170
9,25,108,252,7387229
9,26,131,252,7965882
9,27,122,252,7614292
9,28,129,252,7750359
9,29,133,252,7806148
9,30,129,252,7788481
9,31,112,252,7471145
9,32,130,252,7845594
9,33,117,252,7801846
9,34,124,252,7850063
9,35,128,252,7901949
9,36,113,252,7722433
9,37,118,252,7897035
9,38,131,252,7783864
9,39,117,252,7607094
9,40,132,252,8132505
9,41,127,252,7779922
9,42,112,252,7588944
9,43,118,252,7557445
9,44,121,252,7592016
9,45,134,252,7946037
9,46,137,252,7967313
9,47,118,252,7495942
9,48,120,252,7792558
9,49,131,252,7832450
9,50,123,252,7667491
10,1,134,252,8184564
10,2,136,252,8376332
10,3,113,252,7819272
10,4,125,252,8055842
10,5,117,252,7830191
10,6,134,252,8388678
10,7,120,252,7847407
10,8,125,252,7796549
10,9,127,252,7823400
10,10,132,252,7865486
10,11,120,252,7632242
10,12,131,252,7831752
10,13,133,252,7882903
10,14,130,252,8017741
10,15,122,252,7629523
10,16,116,252,7491275
10,17,125,252,7665098
10,18,116,252,7587453
10,19,144,252,8303048
10,20,122,252,7968752
10,21,116,252,7893734
10,22,133,252,8075953
10,23,120,252,7999067
10,24,135,252,8313320
10,25,144,252,8472884
10,26,122,252,7887828
10,27,140,252,8064704
10,28,132,252,8113945
10,29,119,252,7665531
10,30,113,252,7434904
10,31,129,252,7780979
10,32,118,252,7602672
10,33,148,252,8231546
10,34,135,252,7932755
10,35,121,252,7647693
10,36,112,252,7562284
10,37,131,252,8239106
10,38,129,252,7970408
10,39,124,252,8170421
10,40,120,252,7845615
10,41,129,252,8077915
10,42,122,252,8277312
10,43,137,252,8257512
10,44,132,252,8079360
10,45,135,252,8196691
10,46,123,252,7705678
10,47,120,252,7661200
10,48,111,252,7332843
10,49,127,252,7797501
10,50,132,252,7877796
11,1,136,252,7934557
11,2,110,252,7361507
11,3,119,252,7539230
11,4,125,252,7848116
11,5,122,252,7884087
11,6,130,252,8068577
11,7,129,252,8209185
11,8,130,252,8123436
11,9,126,252,8180168
11,10,124,252,8196916
11,11,106,252,7577415
11,12,121,252,7987819
11,13,123,252,7823571
11,14,114,252,7651414
11,15,129,252,7842458
11,16,138,252,7971183
11,17,122,252,7693983
11,18,140,252,7986038
11,19,131,252,7816164
11,20,104,252,7240864
11,21,132,252,8441295
11,22,127,252,7929398
11,23,127,252,8032574
11,24,129,252,8190194
11,25,136,252,8243542
11,26,141,252,8483102
11,27,131,252,8194839
11,28,111,252,7793807
11,29,121,252,7808033
11,30,122,252,7788798
11,31,125,252,7836412
11,32,121,252,7699476
11,33,142,252,8031370
11,34,130,252,8011411
11,35,125,252,7720521
11,36,127,252,7780748
11,37,119,252,7632817
11,38,137,252,8016971
11,39,112,252,7437441
11,40,135,252,8048517
11,41,131,252,8013286
11,42,143,252,8553229
11,43,130,252,8202600
11,44,117,252,8004099
11,45,132,252,8158523
11,46,130,252,8209169
11,47,116,252,7713530
11,48,121,252,7811576
11,49,123,252,7756596
11,50,124,252,7799134
12,1,126,252,7590158
12,2,118,252,7733689
12,3,120,252,7808242
12,4,109,252,7284564
12,5,112,252,7625406
12,6,120,252,7645097
12,7,134,252,7889403
12,8,119,252,7660753
12,9,132,252,7944967
12,10,116,252,7727947
12,11,117,252,7900944
12,12,106,252,7543584
12,13,126,252,8144290
12,14,127,252,8119174
12,15,125,252,8058560
12,16,126,252,7887278
12,17,142,252,8185131
12,18,119,252,7903972
12,19,121,252,7612546
12,20,122,252,7635964
12,21,137,252,7886758
12,22,133,252,8175499
12,23,134,252,7902452
12,24,130,252,8019506
12,25,119,252,7601876
12,26,123,252,7809694
12,27,112,252,6576045
12,28,124,252,7755542
12,29,126,252,7764444
12,30,137,252,7872780
12,31,122,252,7585200
12,32,118,252,7547217
12,33,133,252,7763997
12,34,128,252,7759811
12,35,139,252,8111489
12,36,117,252,7339279
12,37,120,252,7577571
12,38,125,252,7574710
12,39,116,252,7340908
12,40,136,252,7953433
12,41,115,252,7461972
12,42,127,252,7599544
12,43,120,252,7404590
12,44,114,252,7478521
12,45,136,252,7827570
12,46,131,252,8148342
12,47,118,252,7745176
12,48,132,252,7795575
12,49,140,252,8053278
12,50,119,252,7834046
13,1,126,252,7962864
13,2,128,252,7841982
13,3,110,252,7450649
13,4,123,252,7841983
13,5,120,252,7635597
13,6,134,252,7731404
13,7,125,252,7834655
13,8,146,252,8164883
13,9,134,252,7821564
13,10,128,252,7531041
13,11,126,252,7660569
13,12,131,252,7500208
13,13,128,252,8456784
13,14,128,252,7704413
13,15,127,252,7727291
13,16,122,252,7762166
13,17,131,252,8107925
13,18,116,252,7919831
13,19,121,252,7941909
13,20,116,252,7662019
13,21,126,252,7690213
13,22,143,252,8310498
13,23,128,252,7984998
13,24,137,252,7835735
13,25,126,252,7594031
13,26,132,252,7772486
13,27,125,252,7539173
13,28,129,252,7763402
13,29,130,252,7780867
13,30,122,252,7365403
13,31,115,252,7627642
13,32,135,252,7918643
13,33,132,252,7896833
13,34,134,252,7853421
13,35,135,252,8026377
13,36,126,252,7946698
13,37,127,252,7735890
13,38,136,252,8046028
13,39,129,252,8046041
13,40,119,252,7613974
13,41,126,252,7597062
13,42,140,252,8050797
13,43,126,252,7814124
13,44,110,252,7224457
13,45,130,252,7850034
13,46,109,252,7402799
13,47,123,252,7601300
13,48,126,252,7747087
13,49,130,252,7942070
13,50,133,252,7989063
14,1,127,252,7823930
14,2,129,252,7996700
14,3,140,252,8431578
14,4,124,252,7672238
14,5,125,252,8110451
14,6,147,252,8458328
14,7,119,252,7780885
14,8,136,252,8047028
14,9,135,252,8159061
14,10,135,252,8065005
14,11,125,252,7757293
14,12,117,252,7482534
14,13,129,252,7688650
14,14,125,252,7501063
14,15,128,252,7769216
14,16,123,252,7611237
14,17,124,252,7587763
14,18,122,252,7823686
14,19,125,252,7773371
14,20,127,252,7910356
14,21,126,252,7987313
14,22,135,252,10712051
14,23,138,252,11549840
14,24,117,252,7473634
14,25,128,252,8152315
14,26,130,252,7781359
14,27,120,252,7345682
14,28,133,252,8001730
14,29,120,252,7655880
14,30,130,252,7857037
14,31,140,252,7966138
14,32,122,252,7642587
14,33,127,252,7739343
14,34,137,252,8056325
14,35,122,252,7505621
14,36,134,252,8108376
14,37,134,252,7936222
14,38,131,252,7877679
14,39,136,252,8260034
14,40,120,252,7947461
14,41,123,252,7991951
14,42,122,252,7925699
14,43,118,252,7680197
14,44,128,252,7956001
14,45,118,252,7637748
14,46,118,252,7505905
14,47,122,252,7680534
14,48,130,252,7970175
14,49,122,252,7625490
14,50,135,252,7998030
15,1,135,252,8107302
15,2,127,252,7714244
15,3,112,252,7466523
15,4,120,252,7873339
15,5,135,252,8139386
15,6,124,252,8494657
15,7,118,252,6732140
15,8,105,252,7030719
15,9,123,252,7540532
15,10,124,252,7557173
15,11,119,252,7436569
15,12,125,252,7594027
15,13,124,252,7604618
15,14,132,252,7886566
15,15,128,252,7832415
15,16,118,252,7463833
15,17,127,252,7711274
15,18,137,252,8016195
15,19,130,252,7782306
15,20,122,252,7811093
15,21,126,252,7654441
15,22,136,252,8056593
15,23,135,252,8094769
15,24,141,252,8054676
15,25,133,252,8272436
15,26,127,252,7810838
15,27,122,252,7827300
15,28,141,252,8298611
15,29,131,252,7849172
15,30,138,252,8422406
15,31,123,252,7646542
15,32,112,252,7617313
15,33,123,252,7822454
15,34,135,252,7919322
15,35,123,252,7526993
15,36,130,252,7849217
15,37,130,252,7802795
15,38,131,252,7761529
15,39,124,252,7705759
15,40,150,252,8186455
15,41,126,252,7794794
15,42,139,252,8232977
15,43,127,252,7948615
15,44,129,252,8080194
15,45,141,252,8338067
15,46,118,252,7805907
15,47,132,252,7916456
15,48,121,252,7696403
15,49,125,252,7642644
15,50,128,252,8029516
