algo,phase,cycle,source_csv,n_rows,n_cores,duration_s,freq_mean_mhz,freq_std_mhz,freq_min_mhz,freq_max_mhz,freq_median_mhz
aes,baseline,1,cpu_freq_1774305716258.csv,5376,12,60.936,1643.7321755952382,1411.5398264893695,394.788,4600.0,721.435
aes,aes,2,cpu_freq_1774305777341.csv,5304,12,60.579,1923.1053812217194,1457.9449270266664,393.696,4609.583,1448.9805000000001
aes,baseline,3,cpu_freq_1774305838113.csv,5352,12,60.879,1636.2942864349775,1406.6541467273437,394.124,4622.66,712.054
aes,aes,4,cpu_freq_1774305899206.csv,5316,12,60.672,1947.7116965763732,1471.6564126924143,312.725,4620.353,1492.225
ed25519,baseline,1,cpu_freq_1774305980164.csv,5388,12,60.908,1620.8950016703784,1409.5789834906202,394.632,4619.658,556.219
ed25519,ed25519,2,cpu_freq_1774306041250.csv,5316,12,60.621,1962.2785231376977,1477.8561949798968,393.753,4611.442,1632.3375
ed25519,baseline,3,cpu_freq_1774306102091.csv,5364,12,60.915,1615.5104683072336,1399.7963496105372,394.626,4615.699,684.0925
ed25519,ed25519,4,cpu_freq_1774306163177.csv,5328,12,60.789,1915.7365150150151,1473.3306375200218,390.253,4621.395,1359.684
rsa,baseline,1,cpu_freq_1774305327264.csv,5388,12,60.897,1768.4170311804007,1448.7495617342386,390.708,4619.246,969.3344999999999
rsa,rsa,2,cpu_freq_1774305388353.csv,5279,12,60.625,1899.1324838037506,1481.0614477602094,394.888,4604.487,1197.098
rsa,baseline,3,cpu_freq_1774305449093.csv,5376,12,60.917,1626.7699207589287,1416.124972204722,394.429,4600.05,536.2394999999999
rsa,rsa,4,cpu_freq_1774305510179.csv,5322,12,60.811,1929.973415445321,1490.896965070743,394.2,4610.697,1316.4445
sha256,baseline,1,cpu_freq_1774306237062.csv,5376,12,60.891,1629.5799521949407,1415.0783319572806,394.791,4600.0,573.5305000000001
sha256,sha256,2,cpu_freq_1774306298154.csv,5340,12,60.717,1989.7688009363296,1478.0471252001773,394.175,4620.814,1810.1019999999999
sha256,baseline,3,cpu_freq_1774306359112.csv,5376,12,60.919,1611.912697544643,1404.9022350813468,393.663,4600.0,516.652
sha256,sha256,4,cpu_freq_1774306420198.csv,5328,12,60.675,1945.2582916666665,1457.4197282400926,394.299,4625.698,1525.2855
