cpu,mean,std,min,max,median
0,1504.397140909091,1339.6730542600142,394.75,4599.953,883.6020000000001
1,1048.9388431818181,1044.463493091866,395.397,4600.0,607.7655
2,1456.8002386363637,1420.6886898219498,395.005,4609.523,590.086
3,942.0144295454545,1080.7754946854093,399.17,4607.066,400.0
4,1755.1946090909091,1550.777739705048,394.942,4591.978,935.028
5,617.28535,745.3447768271741,399.487,4600.0,400.0
6,1816.7832159090908,1547.7900023973862,395.648,4607.301,1002.0185
7,615.4214886363636,739.3778091160335,398.841,4600.0,400.0
8,3383.2684136363637,151.59241399585437,539.96,3469.711,3399.99
9,3390.3735477272726,55.795240496370624,2420.177,3427.409,3399.9945
10,3382.780286363636,100.47280232416117,2036.56,3445.357,3399.9655000000002
11,3370.962993181818,193.27039276603762,693.009,3439.556,3399.9480000000003
