t_s,mean,min,max,std
0.003,1983.6581666666668,399.288,4141.068,1558.636798783874
0.137,1702.79625,400.0,3407.655,1423.3409943700085
0.273,1412.0061666666668,400.0,3478.061,1483.489439043319
0.409,1951.649583333333,400.0,3458.974,1253.1974552175407
0.545,1733.4121666666667,399.844,4385.035,1668.953304136013
0.681,1548.1984999999997,400.0,3400.676,1436.2662102670938
0.818,1439.7702500000003,400.0,3400.263,1453.9580034240782
0.953,1793.3128333333334,400.0,3460.887,1402.5745402569087
1.088,1746.402,400.0,3400.221,1288.2462422840242
1.222,2025.1728333333333,399.801,4397.082,1720.3891158371878
1.356,1862.834,399.85,3400.145,1378.098491511929
1.49,2568.5814166666664,400.0,4427.343,1559.015745555361
1.625,2015.8873333333333,399.656,3401.429,1356.1892618178558
1.759,1692.9939166666666,399.778,3401.138,1387.7985078791949
1.895,1955.8765833333334,399.685,3400.403,1450.8693607605476
2.028,1876.7549166666668,399.35,4493.766,1596.0116487091677
2.163,1880.218,400.0,3870.066,1471.4241616242532
2.298,2639.18275,400.0,4559.888,1712.0461815352105
2.433,1557.3734166666666,400.0,3400.241,1408.8363668051122
2.568,2357.9775833333333,400.0,3402.97,1290.4508926193525
2.703,1834.1828333333333,399.749,4120.71,1560.6091305803893
2.839,1902.2607500000001,400.0,4066.01,1593.5224802374212
2.973,1871.7475000000002,400.0,4452.576,1617.379143547672
3.108,2644.13425,398.941,4584.371,1699.2458757431793
3.243,1520.7635,400.0,3402.746,1433.5232339540544
3.379,2010.6368333333332,399.631,4382.105,1514.1832017260738
3.512,1629.14175,398.916,3401.169,1520.3864842176943
3.648,1819.26325,399.536,3400.477,1262.5135017283521
3.782,1968.1630833333336,400.0,4362.787,1660.9188538844426
3.917,1666.3766666666668,400.0,3403.395,1370.1194481047219
4.052,1869.6548333333333,399.593,4229.949,1595.8164873084324
4.187,1775.4731666666667,399.183,4196.635,1595.169381242622
4.321,2334.204333333333,399.311,4600.0,1758.8696160317043
4.456,1959.1431666666667,399.672,4407.26,1599.6624630621204
4.592,2009.0106666666668,400.091,4104.596,1523.5384976698358
4.729,1442.3319166666668,400.0,3400.417,1449.1725791893964
4.867,2012.8385833333332,400.0,3529.013,1353.689649513067
5.013,2316.4288333333334,399.667,4513.09,1731.6186214676736
5.148,1963.6849166666668,399.69,3400.359,1334.6865376987457
5.285,2050.8686666666667,400.0,3400.26,1384.2691981596336
5.424,1764.3576666666668,400.0,3399.914,1400.36194123554
5.56,1773.9977499999998,395.197,3400.075,1386.509034313033
5.699,2261.610666666667,400.0,3922.406,1587.4392061382914
5.834,1403.13375,400.0,3401.596,1475.0094654084658
5.971,2112.331833333333,400.0,4566.755,1656.7750574991292
6.11,1914.3544166666668,400.0,3400.243,1421.0927441906654
6.247,2487.020916666667,400.0,4458.402,1390.8228332703864
6.382,2019.1642499999998,399.662,3400.068,1460.2335516328217
6.52,2017.3291666666667,399.066,4535.997,1615.4635654149124
6.656,2679.388916666667,400.0,4587.753,1733.4310193806366
6.793,1785.912916666667,400.0,4582.884,1666.119785389801
6.929,1934.7569166666665,399.821,4505.541,1649.6577513877048
7.065,1466.6689166666667,400.0,3400.142,1433.3943117216218
7.201,2269.3548333333333,400.0,4532.159,1632.63384201529
7.338,2397.2580000000003,400.0,4500.0,1806.2562246976734
7.473,1800.2189166666667,400.0,4228.531,1585.815545463335
7.609,2573.588,400.0,4116.963,1451.1151991528948
7.745,1746.28725,400.0,4435.524,1665.5763079591247
7.883,2463.49375,400.0,4583.464,1705.654755630977
8.019,2105.5359166666667,398.91,4488.787,1723.9151409196165
8.156,1810.1866666666665,400.0,4572.884,1655.5224952316596
8.293,2026.6409999999998,400.0,3400.2,1436.0456954067874
8.43,1606.4743333333333,399.582,3400.921,1443.987854306093
8.568,2359.00775,400.0,4454.779,1393.0422670013954
8.704,1400.0380833333336,400.0,3400.15,1477.085278797369
8.842,1773.1751666666667,400.0,3400.074,1422.6104619700063
8.98,1853.8725000000002,399.934,4580.498,1629.0310063512936
9.116,2200.3245833333335,400.0,4387.952,1685.5628098301852
9.252,1892.96875,399.89,3737.149,1556.9450997355002
9.39,1808.9986666666666,400.0,4439.171,1517.4379093545283
9.526,1546.124,400.0,3400.53,1404.4480916830576
9.663,1485.0161666666665,400.0,3403.366,1427.6115824803858
9.8,1655.43675,399.729,3400.152,1430.8762671551447
9.937,1872.2165833333331,400.0,4247.874,1553.9854883323517
10.074,1616.7089166666665,399.915,3400.048,1387.077362606155
10.212,1965.3410833333335,399.635,3643.983,1484.9332329853914
10.347,1767.3059999999998,399.074,3925.371,1553.4164027152892
10.484,2040.4305833333335,400.0,3400.156,1469.5627986623317
10.621,2029.5775,400.0,3707.759,1512.6160203631866
10.759,2024.08625,399.68,4396.796,1611.0246193487112
10.895,2375.645,400.0,4600.0,1609.890469111486
11.033,1680.82125,400.0,3399.991,1452.0984363355064
11.169,2147.608333333333,400.0,3518.396,1545.3957829580766
11.305,2029.5740833333332,400.0,3518.845,1468.1632024120515
11.443,2024.819416666667,400.0,4378.6,1518.1468931516752
11.578,1524.0004166666668,400.0,3400.697,1409.631322691953
11.714,1591.1898333333331,400.0,3401.198,1433.7481697747744
11.85,1655.5754166666666,400.0,3401.417,1454.1417347998195
11.986,1657.1624166666668,400.0,3400.325,1367.962649406007
12.125,2327.5082500000003,400.0,4078.988,1467.4360595192818
12.262,1662.5821666666668,400.0,3482.212,1548.5553966188695
12.399,1790.746,400.0,4331.572,1614.029686260842
12.536,2209.2971666666667,400.0,4581.896,1515.1159365491014
12.673,1907.7725,399.553,3650.806,1577.3264991700642
12.81,1676.2099166666667,399.899,3400.192,1443.2376272158788
12.95,2542.7438333333334,400.0,4362.271,1415.1046097969277
13.088,1912.8609166666665,400.0,3488.955,1544.3792083136045
13.226,2160.0736666666667,400.0,3476.993,1255.2139734596021
13.362,3065.615583333333,400.0,4564.659,1184.718375179094
13.496,1552.6418333333334,400.0,3400.508,1421.9764936927393
13.634,2346.6305833333336,400.0,4165.587,1476.1895023677723
13.772,2047.2209999999998,400.0,4533.75,1659.2201979630509
13.909,1790.6811666666665,400.0,3404.847,1474.5034182429524
14.047,2041.4291666666668,400.0,3951.07,1589.0705355055734
14.185,2120.24075,400.0,4428.69,1514.5724683534909
14.322,1713.3457500000002,399.741,4020.817,1607.5483884541322
14.458,2267.968083333333,400.0,4578.5,1521.1739763857302
14.594,1425.272,399.753,3400.527,1459.853641511305
14.732,1521.4164166666667,399.466,3400.897,1421.4964692986216
14.869,1750.4753333333335,400.0,3400.406,1408.1497651772654
15.005,1929.6835,399.532,3400.628,1457.2775973524617
15.143,2689.13775,400.0,4164.83,1435.8681240995336
15.281,2592.7000000000003,400.0,4581.175,1706.0533977502791
15.418,2638.91675,400.0,4401.106,1460.7239284884567
15.553,2274.9755833333334,400.0,4333.968,1578.1149282632027
15.69,2418.6671666666666,400.0,4589.941,1548.0878815979195
15.828,1870.2357499999998,400.0,3962.84,1563.4980038356955
15.965,1707.0546666666667,400.0,3400.334,1421.8556995764586
16.102,1947.4549166666666,400.0,4097.147,1568.8368619169867
16.24,2082.123666666667,400.0,4289.05,1468.40823266614
16.377,1815.6284166666667,400.0,3920.757,1536.3996297858455
16.512,2504.3705,400.0,4280.413,1520.9674589847857
16.648,2518.015083333333,400.0,4564.218,1740.9944511349336
16.784,1819.6184166666665,400.0,3677.441,1469.0439934170831
16.923,1724.4334166666667,399.654,3400.466,1482.224905718823
17.059,1691.5654166666666,400.0,3626.682,1550.178293304498
17.197,1890.6669166666668,399.908,3741.625,1477.8464340147402
17.333,2154.1480833333335,400.0,4493.092,1625.5400750827655
17.471,2325.79225,400.0,3998.339,1463.9395767946364
17.607,1796.3001666666667,400.0,3809.938,1503.4747035444161
17.745,2554.701583333333,400.0,4122.429,1455.379747797333
17.882,2331.21575,400.0,4353.712,1497.1462339912573
18.019,2280.09275,400.0,3838.459,1428.5054693715338
18.155,2395.4126666666666,400.0,4343.849,1389.6346858570967
18.291,2113.08175,400.0,4578.716,1570.2867861243533
18.429,1563.7769166666667,400.0,3400.043,1374.8799297421283
18.568,1694.9450833333333,400.0,3400.161,1425.4211899800932
18.706,1496.2160000000001,400.0,3399.989,1422.3697409830474
18.843,2114.265,400.0,4589.182,1663.4064740643191
18.981,1958.27575,398.854,4060.426,1579.2564781808571
19.118,1908.3045,400.0,3559.254,1395.2271973371805
19.256,1756.0636666666667,400.0,3400.044,1482.6581311800244
19.392,2367.29775,400.0,4285.349,1514.1735069351216
19.527,2506.03575,400.0,4390.28,1485.2474296056548
19.663,1955.1145833333333,400.0,3401.094,1356.6572920623994
19.801,1632.2975833333333,400.0,3418.055,1409.9114374976928
19.937,1828.0234166666667,400.0,3715.645,1516.0227032540508
20.075,2106.1060833333336,400.0,4406.253,1505.6662041710947
20.213,1513.2398333333333,400.0,3400.267,1419.0179430483113
20.35,1962.6280833333333,400.0,3460.359,1457.4509955583699
20.488,1713.12075,399.234,3412.096,1467.2410845818526
20.626,3084.209666666667,400.26,4500.707,1158.1995505314062
20.758,1739.5660833333334,400.0,4401.126,1664.6459506018614
20.895,2068.034166666667,400.0,3794.378,1538.4797491289212
21.033,1886.4615833333335,400.0,4272.177,1535.0706123629184
21.171,1856.12625,400.0,4309.226,1595.8887112255397
21.31,1922.8246666666666,400.0,4589.663,1569.1054813524884
21.446,1895.4855833333331,400.0,3853.323,1552.9509031369605
21.583,1858.81725,400.0,3400.58,1371.0480593079894
21.722,1652.2811666666666,399.822,3400.404,1469.3645956775042
21.86,1842.0541666666668,397.276,3400.091,1413.467634598545
21.995,1512.4909166666666,400.0,3400.238,1437.1810580746069
22.133,1573.3635000000002,400.0,3399.907,1400.821899959676
22.271,1722.0824166666664,400.0,3733.227,1547.1373850091634
22.408,1608.8701666666666,399.734,3400.201,1364.629172926399
22.543,1845.6274999999998,399.307,4446.246,1602.2152540213306
22.679,1713.4831666666666,399.631,4072.598,1613.3665413988927
22.817,2025.9426666666668,400.0,3608.275,1532.8385475671262
22.955,1677.8875833333334,400.0,3400.101,1322.165051543556
23.092,1879.8309166666666,399.548,3400.011,1387.6103143892221
23.229,1661.9546666666665,400.0,3408.358,1461.5152451316553
23.366,1768.8844166666668,400.0,3603.821,1493.8693538737496
23.503,1603.1749166666668,400.0,3400.247,1480.1074473174672
23.641,1890.9483333333335,400.0,4432.154,1565.920285766943
23.779,1765.3001666666667,400.0,3900.393,1554.3767479949718
23.915,1721.336,400.0,3400.116,1477.0543443029994
24.054,1621.7550833333335,400.0,3400.446,1408.704186680308
24.193,2154.909,400.0,4268.737,1580.9013569774336
24.329,1938.3391666666666,400.0,3400.507,1509.7558055588045
24.467,2155.014083333333,399.702,4195.594,1500.2694502746956
24.605,1404.2680833333334,399.653,3400.636,1473.6319059903083
24.743,1440.6265833333334,400.0,3400.285,1453.640142394037
24.88,2064.59825,400.0,3598.112,1362.079909445319
25.018,2033.89325,399.44,3658.98,1346.6101994826001
25.155,1474.9768333333334,399.91,3402.21,1429.0005746974373
25.292,2058.885083333333,400.0,4405.609,1601.7420400531223
25.428,1971.5161666666665,399.583,4423.073,1556.602862708103
25.565,1769.0645000000002,400.0,3763.913,1536.3375945829152
25.702,1795.85825,400.0,3834.055,1451.2796960906996
25.839,1815.0273333333334,400.0,4370.206,1602.5807686815854
25.976,1632.964,400.0,3419.886,1361.5158499890013
26.114,2175.362,400.0,3672.469,1478.5260518927134
26.25,2366.3310833333335,400.0,4369.49,1665.3780002975825
26.387,2638.657833333333,400.0,4403.447,1599.9649989406207
26.525,1478.8800833333335,400.0,3400.073,1431.3534549397934
26.663,2732.835416666667,399.876,4546.733,1650.628070136635
26.798,1743.8155833333333,399.674,3669.944,1508.6176588248209
26.934,2175.8013333333333,400.0,4364.914,1605.689832382577
27.071,1882.3851666666667,400.0,3400.997,1465.2209113668482
27.21,2144.7395833333335,400.0,3401.338,1421.5483475955148
27.347,1749.64625,400.0,3409.389,1470.4345592179156
27.484,2330.5621666666666,400.0,4592.606,1745.5486928993173
27.62,1787.3346666666666,400.0,4543.51,1656.989217322317
27.757,1622.5095833333335,399.869,3401.157,1401.1870989488266
27.892,2191.9664166666666,400.0,4382.182,1624.5495704806333
28.028,1731.9835,400.0,3583.301,1514.093990595306
28.163,1929.9790833333334,394.627,3400.412,1415.3348048129142
28.301,1925.7100833333334,400.0,3400.195,1346.653319682164
28.439,2116.243,400.0,4044.16,1560.744883084356
28.576,2134.16375,400.0,4397.796,1540.32419149188
28.712,2494.7263333333335,400.0,4396.85,1447.8025987789115
28.848,1813.3460000000002,400.0,4023.374,1536.6118857357453
28.985,2209.9623333333334,399.386,4281.915,1639.5314693775022
29.121,2360.086333333333,400.0,3792.529,1330.7741772039267
29.257,1998.33475,399.811,4010.642,1597.4755340896816
29.394,2290.4441666666667,400.0,4558.86,1646.584807669379
29.531,2209.3145833333333,399.023,4350.379,1453.7297398046958
29.668,2063.9007500000002,399.723,4354.422,1554.3583674185963
29.806,1618.3888333333334,400.0,3400.128,1345.2965468068123
29.942,2287.465333333333,399.085,4500.0,1644.781207214909
30.083,2268.8033333333333,400.0,4425.003,1502.3961848680462
30.221,2193.0450833333334,400.0,4574.429,1720.8815945105505
30.358,2712.6745,394.603,4589.016,1553.534915493548
30.495,1834.7243333333333,400.0,3400.064,1393.9422152494071
30.632,1592.1120833333334,400.0,3400.239,1447.0069298523174
30.77,2351.3745833333337,399.617,4588.894,1736.843012329526
30.907,1873.624,400.0,3400.441,1415.2961754380087
31.045,2063.5401666666667,400.0,4240.064,1490.06225837982
31.183,2124.9971666666665,400.0,4269.441,1525.8813551738688
31.32,1771.4404166666666,400.0,3967.185,1539.9132016230042
31.458,1475.5054166666666,399.839,3300.922,1380.9852491420397
31.596,2146.4816666666666,400.0,4203.363,1538.0128423970466
31.732,1825.3149166666665,400.0,3453.701,1456.2395976728717
31.869,1884.3766666666668,400.0,4352.346,1572.3020573931099
32.007,2237.931666666667,399.594,4583.023,1526.7669394610734
32.144,1973.8460000000002,398.499,3893.604,1545.9574119219926
32.282,1987.617,400.0,4411.193,1614.5468670341588
32.419,2847.3841666666667,400.165,4500.0,1498.6814155654438
32.553,1573.2291666666667,398.137,3400.778,1421.9629529603744
32.691,2354.2335,400.0,4589.996,1471.4833063055487
32.828,1772.84325,400.0,4403.236,1610.9422520153241
32.965,2216.6212499999997,400.0,4353.655,1615.5487340103882
33.1,1559.4431666666667,400.0,3402.186,1428.3316670380188
33.237,1828.5572499999998,400.0,3502.135,1506.8325379412229
33.375,1584.7325833333334,400.0,3400.274,1443.433333133474
33.512,1629.6833333333334,400.0,3300.088,1440.4934461296955
33.649,2321.531,399.563,4550.911,1512.9575851158072
33.786,1800.8330833333332,400.0,4330.067,1601.6971512446335
33.923,2223.6163333333334,400.0,4432.958,1636.494916725396
34.059,2516.4525,400.0,3736.218,1295.054277482573
34.196,1534.0348333333334,400.0,3417.541,1427.9000642216358
34.333,1699.7995833333334,400.0,3402.258,1313.3369106597727
34.471,2325.2935833333336,400.0,4500.051,1544.6797331988778
34.607,2442.7263333333335,400.0,3713.122,1468.96531762266
34.745,1881.3772500000002,397.399,4044.443,1566.989397774432
34.883,2202.619916666667,399.712,4364.6,1601.7717036564377
35.021,1558.576,400.0,3399.906,1381.0925126301609
35.158,1873.7823333333333,399.521,4521.186,1614.7872509025246
35.296,2649.2223333333336,400.0,4425.257,1664.7660109635572
35.433,2081.9795,399.907,4511.484,1589.2647894901536
35.57,2201.872083333333,400.0,4351.703,1610.213916487804
35.707,2194.58225,400.0,4399.838,1626.4470560929105
35.843,2040.0184166666666,400.0,4424.28,1486.3631395623136
35.98,2120.2894166666665,400.0,4377.785,1556.8959097383754
36.118,2517.93525,400.0,3721.567,1313.809570759236
36.255,2009.2639166666668,399.733,4435.878,1606.7057202504564
36.391,1507.1939166666664,400.0,3400.423,1408.2021395701333
36.529,1878.9405,400.0,3975.276,1560.609197823343
36.667,2356.0878333333335,400.0,3999.443,1435.5412815753716
36.804,1912.1313333333335,399.753,3970.492,1527.957881384368
36.943,1858.4156666666668,399.873,4568.838,1635.6112570569803
37.079,1493.4350833333335,400.0,3402.326,1415.44330845765
37.217,1664.203083333333,400.0,3400.145,1450.6384925538798
37.354,1940.7881666666665,400.0,3407.083,1434.8620431092343
37.492,1769.23575,399.775,3301.252,1370.7319057900236
37.629,1866.4804166666665,399.733,3400.053,1292.7261203333378
37.767,1842.24875,399.714,3413.253,1512.94772217129
37.905,1952.8080833333333,400.0,4259.311,1642.7861477911933
38.041,2298.34375,400.0,4583.472,1662.5093256173238
38.178,1983.3389166666666,400.0,3400.528,1370.0692546055975
38.315,2002.8715833333333,400.0,4592.269,1640.2660232598337
38.452,2608.3984166666664,400.0,4583.387,1513.3312622630942
38.586,1794.354,400.0,3401.167,1410.9832310910006
38.722,1566.2285833333333,400.0,3400.055,1405.8625375810757
38.859,2228.672416666667,399.68,4499.919,1682.4069228646772
38.996,1842.3985833333334,400.0,4591.96,1628.6288421461923
39.134,2127.3560833333336,400.0,4202.839,1433.1698605932909
39.271,1897.80325,399.882,4099.972,1504.5880873997087
39.409,2110.3998333333334,400.0,4430.44,1562.9625998359556
39.544,2061.96875,400.0,4213.581,1593.5856469499058
39.681,1869.9378333333334,400.0,3704.131,1446.6337749364484
39.82,1924.8222500000002,399.428,3636.442,1541.138144452583
39.958,1964.6286666666667,400.0,3400.377,1369.9010640817914
40.096,1742.1734999999999,400.0,4277.69,1636.7623911204314
40.235,1537.13875,396.088,3400.463,1421.4394895463686
40.373,2057.6211666666663,400.0,4364.807,1762.23142096686
40.511,1698.7473333333335,400.0,3338.805,1331.7299269595533
40.649,2239.1550833333336,400.0,3920.419,1435.7790669827657
40.786,2027.1135000000002,400.0,4163.094,1381.4421381507934
40.923,1829.791,398.907,4194.068,1587.6411229629034
41.061,1492.1322499999999,400.0,3368.795,1373.8066984403806
41.198,1624.8871666666666,399.734,3400.408,1430.7794522036413
41.336,1643.3293333333331,400.0,3399.933,1427.3433954297009
41.473,1912.3874166666667,400.0,4015.599,1440.5565458459864
41.609,1943.3787499999999,400.0,3971.506,1450.112944996237
41.747,1672.1525000000001,400.0,3400.165,1442.1562087789052
41.886,1811.1469166666666,400.0,3684.607,1495.7318042097752
42.023,2035.7879999999998,400.0,3472.933,1480.8881613163462
42.16,1633.4434166666667,399.18,3404.113,1465.6334869824261
42.298,2029.85375,400.0,4422.355,1515.3370040181055
42.436,1535.2778333333333,400.0,3400.266,1422.5064217220017
42.573,1704.0973333333334,400.0,3474.677,1438.2267309687195
42.71,1808.27675,400.0,3301.735,1373.992183136632
42.848,1492.1615833333333,399.825,3300.077,1375.0706013914312
42.987,1920.0175833333333,400.0,4003.286,1578.003509435518
43.125,2264.1834999999996,398.288,4334.066,1636.3656323055175
43.262,2148.0556666666666,399.642,3688.573,1391.6160065684483
43.401,2164.9129166666667,400.0,4584.618,1613.6641016199724
43.537,2287.2334166666665,400.0,4359.181,1563.8856756547402
43.677,1932.79875,400.0,4431.626,1584.0096929332176
43.814,2181.3608333333336,400.0,4415.419,1611.295939243532
43.953,1580.5750833333334,399.621,3400.002,1364.541299990151
44.09,2442.9103333333333,399.713,3769.587,1392.9302079803067
44.228,2298.8815,400.0,4427.146,1664.132877576815
44.366,2357.138,400.0,4586.557,1693.6004273499161
44.503,1872.5736666666664,400.0,4174.13,1434.0116330842543
44.641,1938.0695833333332,400.0,4415.51,1553.0244101900278
44.779,2170.57525,400.0,4332.437,1582.34202703502
44.918,2121.002,399.74,4457.752,1500.402905684276
45.065,1491.7372500000001,400.0,3400.321,1419.2778459705949
45.202,2149.6165833333334,400.0,4257.376,1451.19664943274
45.341,1691.0608333333332,400.0,3400.162,1447.1740228345873
45.48,2153.6505,399.881,4586.026,1721.3037419594325
45.616,2050.909166666667,400.0,3513.245,1436.7333301811523
45.754,2057.741833333333,400.0,4600.0,1622.0769879458326
45.892,2039.4950000000001,400.0,3919.007,1528.7614646945715
46.029,1730.12175,400.0,3400.782,1419.726914320057
46.167,2037.65325,400.0,3643.878,1432.659669980984
46.304,2383.2071666666666,400.0,3875.448,1508.15006114938
46.443,2390.353,400.0,4600.0,1692.9026323776247
46.58,2026.0311666666666,400.0,3399.86,1285.8402002081139
46.716,1919.9593333333332,400.0,3695.325,1559.845851051975
46.852,2094.5992499999998,400.0,4399.944,1646.6133100704901
46.991,2054.078,399.768,4001.222,1391.2360157021265
47.129,2542.945166666667,400.0,4413.663,1543.2365979301032
47.265,2247.20025,400.0,4352.97,1579.4321267923613
47.404,1800.8823333333332,400.0,3400.103,1453.2254243097464
47.543,2566.7384166666666,400.0,3496.524,1304.152271982034
47.68,1781.9504166666666,400.0,3400.081,1335.3646380468151
47.818,2077.253,398.946,4184.393,1531.3216303056652
47.956,1931.7740000000001,400.0,3748.555,1517.6586976032283
48.093,2112.778083333333,400.0,4176.53,1461.286453472572
48.231,2295.958166666667,399.561,4372.0,1558.1607823466297
48.369,1788.2635,399.674,4439.571,1620.0483389314766
48.507,1874.3748333333333,400.0,3300.187,1307.011441146893
48.645,2641.779916666667,400.0,4500.0,1529.8604137728894
48.783,2282.8675,400.0,3754.763,1357.514287090295
48.921,2517.900166666667,400.384,3713.01,1215.4045422877882
49.059,2101.865416666667,400.0,4432.698,1582.980785565778
49.196,1684.17075,400.0,4131.394,1544.4529819386846
49.334,2059.4286666666667,400.0,4586.954,1602.6826911038502
49.472,2571.9450833333335,398.932,4506.784,1723.9570478060302
49.608,1552.0884166666667,399.32,3400.261,1384.406824879651
49.746,2240.7204166666666,399.606,3651.293,1414.6269291678966
49.884,1823.585,400.0,4452.388,1612.4552304365484
50.022,1765.1490833333335,400.0,3400.614,1387.1964227331757
50.16,1654.3744166666665,400.0,3400.436,1407.1983659974528
50.298,2567.7928333333334,400.0,4589.996,1557.5451338267612
50.433,1906.34275,400.0,3400.423,1360.4327481024775
50.57,1533.7835833333331,399.634,3300.198,1374.4206926620168
50.708,1954.3231666666668,400.0,3632.666,1453.4067753707516
50.845,1507.7019166666669,399.729,3200.072,1277.153634093797
50.983,1777.18625,400.0,3400.074,1354.8322092450564
51.12,1648.05375,399.918,3400.275,1391.1744282854308
51.256,1831.5365833333333,400.0,3400.373,1236.9828823482678
51.395,1541.0620833333332,400.0,3400.04,1395.6238999333505
51.533,1653.4538333333333,399.773,3401.876,1471.0432962922998
51.671,2326.0390833333336,400.0,3857.551,1242.3874928522582
51.808,2218.719416666667,399.649,4384.41,1646.1096896594188
51.946,2323.947166666667,400.0,4506.573,1660.176275026778
52.084,2640.590833333333,400.0,4599.498,1502.2222593781057
52.223,2394.3033333333333,400.0,4590.352,1646.9858700956138
52.361,2239.0886666666665,395.301,4097.233,1516.4727005087304
52.497,1976.0776666666668,399.68,4333.466,1572.118995480728
52.633,1478.0790833333333,399.893,3410.606,1431.7458183614003
52.769,2621.6643333333336,400.0,4592.188,1532.520115924826
52.907,1755.241,400.0,3340.323,1398.4154887816944
53.046,1504.90225,400.0,3400.447,1410.804586194064
53.183,1926.8068333333333,400.0,3400.921,1352.4437035593173
53.32,2312.10575,400.0,4029.841,1391.5788342273888
53.457,1843.6818333333333,399.656,4216.376,1538.1443733712995
53.595,2095.4533333333334,400.0,3750.485,1476.951314407999
53.732,2375.70775,400.0,3742.164,1351.880808330388
53.87,1809.8849166666666,400.0,3400.04,1426.4047201490669
54.009,2403.1036666666664,400.0,3400.186,1251.7591740462578
54.146,2511.4959999999996,400.0,4361.383,1586.3361539012983
54.283,1636.9166666666667,400.0,3400.458,1494.8997254216408
54.419,1972.6568333333335,400.0,3903.545,1467.5270406766144
54.556,1670.36025,400.0,3413.888,1348.493849763851
54.694,2133.3364166666665,400.0,4451.365,1552.83220341346
54.83,1768.72025,400.0,3963.529,1471.077379251011
54.971,1796.4055833333332,400.0,4483.262,1643.7362456265996
55.107,2426.767333333333,400.0,3821.854,1447.5665092243185
55.245,1959.0093333333334,400.0,3400.414,1426.638715202042
55.382,1772.0049166666668,400.0,3399.932,1411.0871425110151
55.521,1546.7365833333333,400.0,3300.23,1328.9473767900572
55.658,1486.3391666666666,399.819,3400.11,1420.1649219110136
55.795,1983.4501666666667,400.0,4138.493,1436.60852305034
55.934,2110.587916666667,400.0,4396.734,1727.9286597502414
56.071,1746.8408333333334,399.904,3902.58,1564.8185777471185
56.209,1671.153,400.0,3400.176,1456.2178279959605
56.348,2257.5769166666664,400.0,4437.981,1577.8950058387888
56.485,1934.309,399.869,3404.615,1384.647337080391
56.622,1730.2905833333334,399.502,3400.531,1426.1160367663226
56.76,2181.46475,400.0,4609.228,1666.1516692372343
56.897,1789.7626666666667,400.0,3300.843,1263.4501101509406
57.035,2262.2249166666666,399.695,3771.649,1430.4562727990904
57.172,2011.2625,400.0,4573.518,1675.3207827351914
57.31,1946.4700833333334,400.0,4600.0,1624.0041582139702
57.447,1504.96725,400.0,3401.071,1412.1195280654683
57.584,1724.3665833333334,400.0,3323.802,1440.0082415544116
57.721,2145.7980000000002,400.0,4485.153,1713.3455088110247
57.859,1856.3598333333332,400.0,4132.779,1547.5528962974142
57.995,1691.8564166666667,400.0,3400.351,1433.5160661428033
58.133,2171.2575,400.0,4361.879,1580.7312353868783
58.269,2484.9686666666666,400.0,4435.814,1532.1199905564206
58.405,1941.8010833333335,399.672,3615.327,1553.524085810736
58.543,2068.0131666666666,400.0,4440.274,1524.2420596753734
58.68,1791.2948333333334,397.861,3400.19,1390.4670258566714
58.818,1772.3945,400.0,4004.234,1561.060198246371
58.955,1401.4098333333332,395.348,3305.647,1406.4830117833783
59.092,1941.5405833333334,400.0,4557.707,1554.1027152313181
59.229,1919.4249166666668,400.0,4418.254,1629.4378494660195
59.365,2258.933916666667,400.0,4255.298,1564.544103582804
59.501,2035.0978333333333,399.733,3802.693,1341.4381600457318
59.637,2139.2680833333334,400.0,4242.004,1568.04569392543
59.774,1744.3684999999998,400.0,3809.405,1527.2203428187313
59.911,2239.3419166666667,400.0,3931.645,1436.8088450910586
60.048,2425.9074166666664,400.0,4249.862,1436.758652264468
60.185,1484.4026666666668,398.558,3400.175,1439.5194878341324
60.322,2281.1431666666667,400.0,4459.335,1600.1228325291913
60.459,1853.6048333333335,400.0,4600.0,1625.7025889225324
60.597,1492.8791666666666,400.0,3300.315,1363.9789352797495
