t_bin_s,iters_per_sec,t_mid_s
"[0.0, 1.0)",217,0.5
"[1.0, 2.0)",215,1.5
"[2.0, 3.0)",217,2.5
"[3.0, 4.0)",207,3.5
"[4.0, 5.0)",201,4.5
"[5.0, 6.0)",203,5.5
"[6.0, 7.0)",205,6.5
"[7.0, 8.0)",201,7.5
"[8.0, 9.0)",201,8.5
"[9.0, 10.0)",203,9.5
"[10.0, 11.0)",204,10.5
"[11.0, 12.0)",200,11.5
"[12.0, 13.0)",202,12.5
"[13.0, 14.0)",200,13.5
"[14.0, 15.0)",200,14.5
"[15.0, 16.0)",203,15.5
"[16.0, 17.0)",201,16.5
"[17.0, 18.0)",200,17.5
"[18.0, 19.0)",199,18.5
"[19.0, 20.0)",201,19.5
"[20.0, 21.0)",201,20.5
"[21.0, 22.0)",200,21.5
"[22.0, 23.0)",200,22.5
"[23.0, 24.0)",198,23.5
"[24.0, 25.0)",201,24.5
"[25.0, 26.0)",203,25.5
"[26.0, 27.0)",201,26.5
"[27.0, 28.0)",201,27.5
"[28.0, 29.0)",198,28.5
"[29.0, 30.0)",200,29.5
"[30.0, 31.0)",198,30.5
"[31.0, 32.0)",201,31.5
"[32.0, 33.0)",201,32.5
"[33.0, 34.0)",198,33.5
"[34.0, 35.0)",200,34.5
"[35.0, 36.0)",198,35.5
"[36.0, 37.0)",198,36.5
"[37.0, 38.0)",200,37.5
"[38.0, 39.0)",199,38.5
"[39.0, 40.0)",198,39.5
"[40.0, 41.0)",197,40.5
"[41.0, 42.0)",198,41.5
"[42.0, 43.0)",198,42.5
"[43.0, 44.0)",198,43.5
"[44.0, 45.0)",198,44.5
"[45.0, 46.0)",199,45.5
"[46.0, 47.0)",197,46.5
"[47.0, 48.0)",199,47.5
"[48.0, 49.0)",198,48.5
"[49.0, 50.0)",199,49.5
"[50.0, 51.0)",199,50.5
"[51.0, 52.0)",198,51.5
"[52.0, 53.0)",198,52.5
"[53.0, 54.0)",199,53.5
"[54.0, 55.0)",200,54.5
"[55.0, 56.0)",198,55.5
"[56.0, 57.0)",199,56.5
"[57.0, 58.0)",201,57.5
"[58.0, 59.0)",197,58.5
"[59.0, 60.0)",133,59.5
